currTime,s1,s2,s3,s4,s,AccX,AccY,AccZ,GyroX,GyroY,GyroZ,GRF
26,801.66,772.33,763.26,770.69,776.98,-15.14,-828.61,635.74,-2.06,-0.73,-0.12,-90.64
62,801.94,772.30,763.17,770.90,777.08,-30.27,-797.85,644.53,1.41,0.82,-1.07,-96.36
98,801.86,772.43,763.23,770.97,777.12,-30.76,-809.57,644.53,1.27,2.37,-0.50,-97.03
133,802.05,772.52,763.20,771.04,777.20,-22.46,-818.36,629.88,1.90,1.96,-1.56,-100.10
169,802.15,772.77,763.23,771.03,777.30,-13.67,-806.15,623.05,-1.68,2.52,-0.34,-101.31
204,802.46,772.79,763.22,771.11,777.39,-30.27,-816.89,610.35,1.50,1.26,-0.51,-104.19
244,803.04,773.14,763.28,771.27,777.68,-37.60,-800.78,635.25,0.83,0.35,0.82,-109.78
279,803.50,773.44,763.36,771.47,777.94,-29.30,-800.29,605.96,-2.31,0.38,-0.64,-114.80
314,804.18,773.57,763.32,771.43,778.12,-37.11,-797.85,625.49,-1.43,0.95,-1.36,-118.48
349,804.82,773.76,763.28,771.31,778.29,-25.88,-805.18,634.77,-2.69,0.51,0.85,-121.48
385,805.24,773.73,763.23,771.22,778.36,-45.90,-822.75,620.61,-2.20,2.32,-0.40,-122.52
420,805.32,773.69,763.22,771.32,778.38,-44.43,-803.71,613.28,-3.48,1.17,1.62,-124.16
458,804.98,774.29,763.26,771.52,778.51,-30.76,-822.27,620.12,-2.56,-0.56,-1.31,-129.82
493,804.56,774.58,763.24,771.31,778.42,-38.09,-809.57,617.19,-3.95,0.77,-1.11,-128.03
528,804.88,774.83,763.17,770.92,778.45,-42.97,-801.27,622.56,-3.89,1.89,0.22,-127.10
563,806.21,774.79,763.07,769.60,778.42,-35.16,-822.75,606.45,-5.38,0.40,0.70,-114.55
598,807.83,774.46,762.94,768.16,778.35,-37.60,-815.92,670.41,-4.17,2.19,1.81,-99.50
633,810.32,774.16,762.70,766.35,778.38,-25.88,-809.57,604.49,-13.61,5.51,-1.39,-84.98
671,811.88,773.30,762.36,764.75,778.07,-42.48,-836.91,584.47,-24.56,2.27,-0.07,-68.27
706,810.77,772.40,762.23,764.05,777.36,-36.62,-887.21,568.36,-20.10,3.46,-0.32,-50.37
741,809.84,771.17,762.11,763.60,776.68,-90.82,-841.80,553.71,-15.58,4.55,-0.12,-33.64
776,809.21,770.30,761.96,763.38,776.21,-53.71,-848.14,539.06,-1.62,-4.66,2.37,-24.88
811,810.08,769.55,762.02,763.32,776.24,-94.73,-818.36,581.54,-0.24,1.81,3.92,-19.41
846,810.84,769.05,761.96,763.17,776.25,-33.69,-802.25,636.72,-0.94,-0.79,0.35,-17.27
884,809.74,768.14,762.05,762.94,775.72,-0.98,-864.75,601.56,3.30,-0.47,4.50,-0.62
919,811.81,768.21,762.12,762.94,776.27,34.18,-864.26,592.29,16.15,-3.79,-3.16,-6.60
954,812.86,768.01,761.98,762.92,776.44,-53.71,-849.12,571.29,-2.31,2.37,-0.59,-11.84
990,811.98,768.15,761.97,763.05,776.29,-81.54,-847.66,568.36,-0.13,4.97,-2.30,-12.08
1025,812.91,768.79,762.11,763.29,776.77,-69.34,-851.56,546.39,6.39,-0.29,-2.89,-20.43
1061,814.27,768.55,762.15,763.27,777.06,-27.34,-795.90,621.58,-0.50,-2.57,4.72,-21.86
1098,816.98,768.85,762.08,763.29,777.80,-49.32,-822.27,596.19,3.35,-1.76,-0.76,-35.61
1134,814.97,768.74,762.07,763.48,777.32,-70.31,-811.52,600.59,1.09,1.70,-0.76,-30.95
1169,818.55,769.60,762.16,763.51,778.45,-5.37,-820.80,628.42,7.64,-0.20,-8.21,-48.25
1204,819.94,769.68,762.12,763.31,778.77,-21.48,-818.85,618.65,-4.27,5.21,-1.48,-51.68
1240,820.70,770.22,762.15,763.38,779.11,-68.36,-832.03,520.51,4.39,3.47,-0.67,-59.01
1278,824.24,770.20,762.10,763.02,779.89,-28.32,-857.42,600.10,-5.33,3.96,1.75,-66.96
1313,823.93,769.92,761.97,762.80,779.65,-60.06,-837.89,580.57,-1.76,6.56,-1.15,-63.60
1348,828.68,770.12,762.02,762.72,780.88,-22.46,-849.12,593.75,-5.46,0.89,-1.19,-79.22
1383,830.52,769.24,761.94,762.56,781.07,-14.65,-844.73,592.29,6.44,-1.33,7.58,-78.00
1419,831.80,768.65,761.93,762.59,781.24,-72.27,-847.17,570.80,7.66,-8.50,5.17,-78.36
1454,832.32,768.70,761.99,763.35,781.59,-72.27,-759.77,639.65,10.30,-4.57,-4.05,-90.11
1492,828.66,769.17,762.11,764.34,781.07,17.09,-801.76,662.11,10.08,-4.92,-1.48,-92.82
1527,827.20,769.15,762.13,764.75,780.81,-52.25,-814.45,624.02,3.39,-4.50,0.22,-93.36
1562,827.32,769.63,762.12,765.10,781.04,-11.72,-792.48,665.53,0.64,0.78,-2.76,-102.89
1598,825.71,770.35,762.21,765.65,780.98,-65.92,-848.63,558.11,1.86,1.63,-1.50,-109.02
1633,823.05,771.07,762.30,766.35,780.69,-27.83,-820.31,614.75,-0.33,0.95,-4.56,-113.75
1668,821.78,771.75,762.40,766.54,780.62,-22.95,-808.59,625.49,-3.40,3.57,-1.88,-115.26
1706,821.31,772.16,762.49,767.05,780.75,-41.50,-819.34,599.12,3.35,-1.76,0.05,-122.22
1742,820.18,772.77,762.49,767.21,780.66,-17.58,-802.25,620.12,-1.22,0.38,-0.51,-125.55
1777,818.84,773.28,762.50,767.58,780.55,-17.58,-825.68,620.12,-1.21,2.00,-2.09,-130.21
1812,816.49,773.84,762.64,768.36,780.33,-34.67,-823.73,601.07,3.49,-1.17,-4.31,-134.67
1848,814.72,774.18,762.77,768.39,780.01,-23.93,-803.22,625.49,-3.50,1.47,-0.39,-128.55
1883,813.39,773.98,762.68,768.64,779.67,-31.25,-821.78,604.00,-2.18,-0.02,0.04,-128.41
1922,812.08,773.94,762.80,768.72,779.38,-7.32,-800.78,591.31,0.87,-1.06,-0.21,-121.66
1957,811.95,774.10,762.72,768.42,779.30,-21.97,-830.57,607.91,-2.35,3.49,-1.47,-120.19
1992,811.83,774.04,762.70,768.41,779.25,-35.64,-843.26,604.98,-2.07,0.52,-0.05,-119.48
2028,810.32,774.11,762.71,768.52,778.92,-2.93,-822.75,638.67,-0.11,-1.58,-2.54,-116.30
2063,810.52,774.05,762.72,768.55,778.96,-21.00,-833.50,616.21,2.20,-1.08,-0.53,-116.55
2098,810.49,773.96,762.71,768.88,779.01,-48.83,-806.64,613.77,2.43,-0.08,1.21,-121.00
2136,811.68,773.96,762.73,768.91,779.32,-13.18,-801.76,641.60,1.07,-1.81,-1.12,-124.86
2171,813.51,774.07,762.74,768.83,779.79,-24.90,-812.01,628.42,1.62,3.95,0.44,-130.81
2206,814.25,774.36,762.77,769.27,780.16,-36.62,-819.34,613.77,-1.15,-4.46,-0.93,-141.33
2241,814.33,774.47,762.83,769.29,780.23,-30.27,-814.45,636.23,1.80,-1.00,0.90,-141.40
2277,814.84,774.24,762.74,769.20,780.26,-40.04,-791.99,622.56,-0.41,0.09,0.79,-142.21
2312,815.14,774.11,762.80,769.14,780.30,-36.13,-810.06,630.37,0.59,-1.51,-0.67,-139.73
2350,814.81,773.86,762.78,768.90,780.09,-26.86,-814.94,628.42,-0.11,1.08,2.14,-133.37
2385,815.78,773.63,762.77,768.65,780.21,-30.76,-800.78,638.18,-1.23,-0.96,0.91,-131.72
2420,815.84,773.56,762.69,768.46,780.14,-23.44,-831.54,654.30,-5.19,2.75,3.05,-130.35
2455,815.81,773.55,762.75,768.78,780.22,-21.00,-813.96,642.09,-1.26,1.58,0.41,-133.29
2490,814.69,773.75,762.86,769.15,780.11,-17.58,-823.73,622.56,-4.72,1.56,0.08,-133.87
2525,814.46,773.87,763.00,769.64,780.24,-29.79,-806.64,622.07,-1.61,2.54,-1.15,-137.73
2563,813.17,774.22,763.03,769.89,780.08,-35.64,-804.69,614.75,-3.49,1.63,1.37,-139.06
2598,812.29,774.34,763.06,769.73,779.86,-37.60,-834.47,625.98,-4.56,4.10,1.34,-133.78
2634,812.61,774.56,763.07,769.88,780.03,-56.64,-836.91,582.52,-1.80,0.08,0.55,-138.87
2669,811.81,774.86,763.13,769.88,779.92,-19.53,-803.71,632.81,-0.05,1.99,-1.86,-136.83
2704,811.38,774.96,763.10,769.50,779.73,-45.90,-812.01,596.68,-0.53,1.37,-0.18,-131.38
2742,811.28,774.86,763.10,769.20,779.61,-36.13,-827.64,622.07,-3.50,1.39,0.27,-125.86
2778,810.53,774.64,763.03,769.00,779.30,-37.60,-825.68,615.72,-2.65,0.50,-2.09,-120.38
2813,809.21,774.28,763.00,768.80,778.82,-30.76,-824.71,601.56,-3.18,1.69,0.85,-110.55
2849,808.00,774.11,763.02,769.00,778.53,-27.83,-822.27,599.12,-0.98,1.17,-0.50,-107.57
2885,805.82,773.88,763.08,769.11,777.97,-44.43,-820.80,612.79,-1.74,-1.72,-1.22,-98.56
2920,806.07,773.49,762.99,769.03,777.90,-21.97,-831.54,624.02,2.71,-1.24,0.31,-97.10
2958,804.54,773.20,763.04,769.28,777.52,-22.95,-807.62,612.30,3.69,-1.16,-3.51,-92.11
2994,801.10,773.44,763.14,769.97,776.91,-47.85,-818.36,581.05,1.80,-4.11,-1.40,-89.78
3029,800.65,773.46,763.24,770.21,776.89,-18.07,-798.83,661.62,2.26,0.03,-0.89,-89.47
3065,798.05,773.80,763.31,771.03,776.55,-39.55,-822.27,610.84,-2.56,-1.08,-2.05,-93.70
3100,796.11,774.46,763.43,772.43,776.61,2.44,-785.64,625.98,7.99,-5.73,-1.03,-109.92
3136,796.37,775.24,763.58,773.11,777.07,-38.57,-794.43,614.26,-2.03,1.15,-3.05,-123.34
3173,796.22,775.59,763.75,773.55,777.28,-44.92,-848.14,578.12,-2.61,-0.02,-0.40,-127.75
3209,796.49,775.62,763.73,773.40,777.31,-41.99,-789.55,636.72,1.76,-3.30,-0.05,-127.42
3244,796.06,775.54,763.68,772.90,777.04,-29.79,-816.41,634.77,-3.57,2.15,-2.08,-119.11
3279,795.75,775.31,763.64,772.09,776.70,-21.97,-805.66,627.93,-3.56,4.08,-2.18,-105.30
3315,797.47,775.46,763.48,772.13,777.13,-28.32,-795.41,599.12,3.05,2.03,-0.62,-116.81
3350,799.24,775.80,763.75,772.81,777.90,-56.64,-824.71,590.82,5.15,-3.17,0.48,-129.13
3388,797.04,775.69,763.90,773.24,777.47,-6.35,-806.64,634.28,-0.64,-1.46,-1.45,-123.05
3424,795.68,775.40,763.91,773.38,777.09,-17.09,-813.48,622.56,-0.47,-3.19,-0.18,-117.92
3459,794.90,775.39,763.90,773.49,776.92,-36.62,-810.55,627.44,-0.64,-0.50,-0.65,-117.26
3495,794.43,775.34,763.96,773.42,776.79,-12.21,-804.69,632.81,-0.37,0.95,-1.44,-112.50
3530,794.84,775.36,763.93,773.29,776.86,-24.41,-817.87,632.81,-0.50,-1.39,-0.40,-112.92
3566,795.87,775.27,763.84,773.15,777.03,-30.27,-818.85,634.28,1.65,2.34,-0.14,-116.08
3604,796.07,775.13,763.83,773.28,777.08,-35.16,-820.80,610.35,1.50,-1.72,1.04,-117.64
3639,795.78,774.96,763.80,773.04,776.89,-15.63,-813.48,631.35,-1.03,-1.50,0.28,-112.46
3674,796.71,774.51,763.66,772.40,776.82,-21.97,-814.94,633.30,-0.57,0.72,1.41,-106.11
3710,797.20,774.32,763.63,772.34,776.87,-25.88,-800.29,631.84,-1.16,-0.25,0.24,-106.19
3745,796.96,774.21,763.55,772.11,776.71,-25.39,-802.25,641.60,0.51,1.46,0.06,-103.13
3781,797.44,774.10,763.54,771.92,776.75,-32.23,-809.57,608.89,-2.03,-1.54,-0.42,-101.48
3819,798.40,773.81,763.53,771.76,776.88,-25.39,-818.36,619.63,-0.98,0.56,-1.08,-100.15
3855,798.63,773.95,763.46,771.85,776.98,-33.69,-818.85,625.49,-0.36,0.12,2.53,-105.15
3890,798.93,773.93,763.50,771.73,777.02,-14.16,-804.20,625.00,0.57,1.82,-0.16,-103.29
3925,799.33,773.85,763.42,771.59,777.05,-34.67,-821.78,622.56,0.80,0.44,-0.79,-104.03
3961,799.65,773.81,763.44,771.73,777.16,-17.58,-806.15,621.09,2.05,-1.89,0.41,-106.29
3996,799.79,773.87,763.46,771.74,777.21,-27.83,-802.73,627.93,0.63,1.40,0.72,-106.90
4034,800.30,773.67,763.41,771.60,777.25,-37.11,-810.55,617.19,-0.33,-1.95,-2.70,-106.32
4069,800.94,773.69,763.44,771.69,777.44,-27.83,-815.43,626.95,0.66,-1.06,-0.67,-109.06
4104,801.20,773.75,763.45,771.66,777.52,-35.16,-809.57,633.30,0.09,3.24,-0.05,-109.85
4139,801.40,773.55,763.37,771.63,777.49,-48.34,-812.99,617.68,-1.46,-1.05,1.10,-110.42
4175,802.23,773.51,763.37,771.42,777.63,-36.62,-813.96,621.09,0.47,2.15,1.66,-109.77
4212,802.50,773.33,763.36,771.29,777.62,-26.37,-806.15,621.09,-0.47,1.61,0.47,-107.60
4248,802.83,772.84,763.26,770.68,777.40,-27.34,-802.73,614.26,1.92,0.31,-1.40,-98.30
4283,804.18,772.08,763.05,769.56,777.22,-27.83,-802.25,631.84,-2.14,2.57,2.15,-85.73
4319,806.22,771.32,762.89,768.88,777.33,-28.81,-808.59,619.63,0.81,1.34,2.15,-80.51
4354,808.83,770.86,762.80,767.70,777.55,-23.44,-806.15,617.68,0.05,-0.65,0.84,-70.62
4389,813.24,770.45,762.57,766.35,778.15,-30.76,-796.87,652.34,1.19,-0.31,-0.85,-68.54
4427,815.71,769.73,762.39,765.21,778.26,-47.85,-824.22,558.11,-6.39,1.77,1.05,-58.79
4463,816.50,769.17,762.28,764.48,778.11,-22.95,-801.27,639.65,-4.88,2.18,2.43,-49.13
4498,813.00,768.42,762.15,763.71,776.82,-73.73,-803.22,594.24,-18.64,6.99,2.12,-22.89
4533,809.45,768.16,762.16,763.59,775.84,-66.89,-817.38,617.68,-1.39,-0.89,-0.22,-6.58
4569,808.98,767.94,762.09,763.34,775.59,-22.95,-788.09,667.48,-15.30,5.51,-1.09,-1.42
4604,807.84,768.27,762.09,763.32,775.38,-13.67,-831.05,585.45,-7.96,5.57,-4.76,0.32
4642,809.65,768.58,761.97,763.09,775.82,-12.21,-818.85,624.02,-4.06,3.89,-1.15,-7.96
4678,808.98,769.12,762.17,763.59,775.96,-96.68,-849.61,519.04,16.43,0.71,-4.31,-12.54
4713,811.76,769.80,762.16,763.91,776.91,-32.23,-833.50,635.74,2.56,0.57,-0.81,-32.56
4748,807.39,769.91,762.30,764.22,775.95,-62.99,-811.04,577.15,-12.14,2.82,-0.96,-19.37
4784,814.90,771.43,762.50,764.99,778.45,-45.90,-761.23,651.37,14.46,-2.40,-4.54,-63.76
4820,814.61,771.54,762.43,764.88,778.36,-59.08,-795.90,628.42,-10.20,1.66,-1.01,-63.59
4858,815.10,773.13,762.64,766.20,779.26,-59.08,-863.28,544.92,13.74,2.14,-3.83,-92.43
4893,816.77,774.34,762.74,766.99,780.21,-26.86,-833.01,670.41,5.66,-2.02,-1.48,-116.97
4928,813.57,774.49,762.77,768.01,779.71,-59.57,-862.30,558.11,-2.28,-1.22,0.97,-121.47
4964,813.87,776.38,763.19,770.93,781.09,-42.97,-801.27,631.84,10.91,-7.64,0.11,-170.17
4999,810.39,777.69,763.48,772.73,781.07,-21.97,-778.32,652.34,2.95,-4.11,-2.79,-187.87
5035,806.49,778.62,763.69,773.57,780.59,-11.72,-833.01,597.17,2.66,-2.86,-3.60,-189.16
5073,805.10,780.16,764.28,776.01,781.39,-52.25,-842.77,579.10,3.60,-6.60,-5.30,-217.97
5108,798.46,780.66,764.88,777.68,780.42,-6.84,-796.39,655.27,-4.39,-3.71,-6.54,-208.81
5143,794.67,780.06,765.00,778.81,779.63,18.55,-785.64,630.37,3.92,-5.34,-1.04,-204.64
5179,792.20,779.36,765.12,779.44,779.03,7.32,-842.29,602.05,1.48,-5.27,-2.19,-196.78
5214,789.26,778.64,765.10,779.58,778.15,6.35,-774.90,637.70,1.12,-1.90,-3.53,-183.43
5250,790.48,778.88,765.08,779.37,778.45,-16.60,-833.50,625.00,-5.27,2.57,1.56,-187.20
5288,789.96,779.80,765.13,779.48,778.59,-8.30,-814.45,625.49,-3.47,-2.12,-3.63,-193.06
5323,789.19,780.29,765.15,779.23,778.46,-11.23,-802.73,626.95,0.35,-1.29,-1.86,-190.23
5358,789.91,780.59,765.04,778.99,778.63,-21.97,-811.52,626.46,-1.44,3.78,-1.10,-194.15
5394,790.72,780.90,764.95,778.53,778.77,10.25,-797.36,636.72,-7.26,4.44,0.24,-195.00
5429,792.13,780.97,764.87,778.50,779.12,-16.60,-832.03,604.00,6.19,2.67,0.95,-201.91
5465,793.29,780.87,764.79,778.18,779.28,-0.98,-820.31,634.77,2.53,0.46,0.77,-202.40
5503,794.51,780.50,764.63,777.93,779.39,1.95,-803.71,625.49,3.85,3.18,0.32,-204.02
5538,795.06,780.11,764.64,777.91,779.43,-19.04,-822.27,621.58,3.34,-3.77,0.87,-202.19
5573,794.68,779.64,764.56,777.76,779.16,-18.55,-828.61,620.12,0.72,-0.17,-1.10,-196.82
5608,795.28,779.18,764.51,777.36,779.08,35.64,-788.09,664.06,2.95,2.73,2.48,-190.59
5643,795.71,778.87,764.46,776.99,779.01,1.46,-808.11,622.07,-0.10,0.56,1.54,-185.38
5679,796.23,778.57,764.41,776.60,778.95,-53.71,-850.10,662.60,-0.40,4.10,0.50,-180.32
5718,796.91,778.07,764.32,776.13,778.86,-12.21,-811.52,636.23,0.61,-1.29,1.24,-173.97
5753,797.20,777.10,764.24,775.73,778.57,-23.93,-816.89,616.70,4.50,-1.48,1.24,-163.22
5788,797.86,776.40,764.16,775.37,778.45,-11.23,-790.53,651.86,-0.82,1.47,1.33,-156.70
5823,799.00,776.03,764.10,775.06,778.55,-33.69,-803.22,628.91,0.46,1.72,0.56,-154.33
5859,798.97,775.82,764.02,774.89,778.42,-20.02,-800.78,623.05,-0.89,-1.61,0.16,-152.23
5894,799.25,775.60,764.03,775.26,778.54,-37.60,-848.14,632.32,3.19,-1.69,0.68,-156.46
5932,797.26,776.35,764.20,776.41,778.55,-17.09,-784.67,639.16,-1.37,-3.50,-2.31,-168.23
5967,794.37,776.53,764.32,776.69,777.98,-5.37,-802.25,632.32,0.22,-1.96,-0.19,-161.07
6003,794.10,776.22,764.15,776.26,777.68,-17.09,-790.04,646.48,0.89,-0.43,-0.70,-155.62
6038,792.46,776.16,764.17,775.44,777.06,-27.34,-801.76,607.42,-7.18,5.08,-1.52,-136.78
6074,791.38,776.01,763.97,773.78,776.29,-11.23,-773.44,650.88,-7.92,7.46,-1.28,-112.46
6112,791.75,776.04,763.75,772.32,775.97,-37.11,-847.17,582.03,-9.74,10.45,-1.11,-98.09
6147,789.47,776.30,763.74,771.42,775.23,-19.04,-793.95,615.23,-9.22,2.78,-3.53,-79.34
6183,790.39,776.02,763.52,770.54,775.12,-36.13,-843.26,590.33,-0.85,3.60,-0.46,-72.65
6218,790.53,775.36,763.36,770.12,774.84,-77.64,-843.75,573.73,-6.21,1.02,-0.90,-65.78
6254,790.18,774.99,763.32,770.09,774.65,-15.63,-789.06,629.88,2.11,0.32,-1.10,-62.01
6289,791.90,774.67,763.19,770.07,774.96,-30.76,-792.97,646.97,5.38,0.48,0.50,-68.31
6327,792.81,775.82,763.48,771.21,775.83,-61.52,-839.84,553.71,-0.24,-1.66,-0.66,-90.42
6363,793.38,776.54,763.58,771.73,776.31,-26.86,-792.97,621.58,8.35,0.22,-0.81,-103.12
6398,794.94,776.90,763.59,771.94,776.84,-24.90,-806.64,641.60,-1.87,0.80,-1.28,-114.17
6434,795.85,777.18,763.54,771.63,777.05,-28.81,-803.71,630.37,-1.47,2.11,-2.86,-116.31
6469,796.43,777.15,763.55,771.32,777.11,-21.48,-816.89,638.18,-2.34,2.37,-0.03,-113.33
6505,796.87,777.71,763.69,771.87,777.54,-38.09,-825.68,624.02,2.05,-3.67,-2.02,-123.79
6543,796.41,777.80,763.69,771.99,777.47,-22.46,-811.52,621.09,1.71,-3.48,0.55,-124.74
6578,795.71,777.83,763.67,772.84,777.51,-33.69,-811.52,596.68,2.02,-6.09,-1.86,-135.82
6614,793.58,777.87,763.77,773.21,777.11,-9.77,-803.71,628.91,1.06,-3.68,-1.55,-131.62
6649,792.95,777.59,763.75,772.64,776.73,-0.98,-812.50,629.39,0.57,1.31,-1.24,-119.35
6685,794.88,777.35,763.67,772.60,777.13,-64.45,-825.68,589.84,-0.58,0.95,-2.50,-125.46
6721,795.32,777.46,763.63,772.54,777.24,-22.95,-801.76,624.51,-2.65,-2.25,-0.71,-127.75
6759,796.58,777.38,763.62,772.23,777.46,-29.30,-815.43,638.67,1.94,0.63,0.12,-127.27
6794,798.35,777.42,763.67,772.20,777.91,-25.39,-818.85,616.70,-0.76,2.22,-0.91,-131.97
6830,799.11,777.54,763.64,772.20,778.12,-33.20,-823.24,621.58,-0.84,0.30,-0.68,-136.24
6865,799.42,777.48,763.61,772.10,778.15,-34.18,-810.06,625.49,-0.66,-1.17,-0.47,-136.07
6901,799.42,777.42,763.55,772.08,778.12,-29.30,-808.59,622.56,-2.34,0.45,0.76,-136.92
6936,799.62,777.30,763.57,772.01,778.12,-35.16,-805.66,626.46,0.50,0.33,0.43,-134.89
6975,800.04,777.38,763.59,771.96,778.24,-29.30,-803.22,621.58,-0.16,0.89,-1.65,-135.98
7010,799.76,777.55,763.59,772.03,778.23,-20.02,-811.52,625.49,0.94,1.92,-1.93,-137.51
7046,799.67,777.47,763.62,771.91,778.17,-32.23,-823.73,626.95,-3.73,-1.79,-0.53,-134.03
7081,799.59,777.57,763.58,771.88,778.16,-41.02,-791.50,642.09,-0.02,1.41,0.10,-135.15
7117,799.58,777.46,763.55,771.91,778.12,-40.04,-799.80,627.93,-1.65,-0.26,-0.83,-135.21
7153,799.34,777.60,763.66,771.94,778.13,-25.88,-825.68,634.28,0.60,-0.34,-2.52,-133.20
7190,798.92,777.76,763.66,772.14,778.12,-33.20,-817.87,624.02,-1.61,1.71,0.45,-136.03
7226,798.56,777.87,763.57,772.18,778.05,-38.09,-816.41,623.54,-1.73,-0.64,0.01,-138.41
7261,797.93,778.21,763.73,772.51,778.10,-35.16,-812.99,613.28,2.07,-3.50,-0.51,-140.09
7297,797.18,778.40,763.74,772.82,778.03,-24.41,-803.22,622.56,-1.11,1.29,-2.76,-143.28
7332,796.46,778.72,763.77,773.08,778.01,-35.16,-804.20,628.91,0.16,0.97,-2.37,-146.45
7367,795.83,778.98,763.81,773.35,777.99,-32.71,-828.12,630.86,-0.63,0.66,-1.47,-149.30
7406,795.19,779.15,763.95,773.62,777.97,-25.39,-826.66,629.39,-1.21,1.37,-2.18,-148.91
7441,795.16,779.25,763.91,773.73,778.01,-23.93,-814.94,624.51,0.60,0.57,-1.56,-152.26
7476,795.37,779.39,763.93,773.89,778.14,-30.76,-810.55,636.23,1.60,0.32,0.92,-155.93
7512,796.10,779.48,763.89,773.93,778.35,-38.09,-796.87,631.84,-0.34,0.81,0.12,-160.78
7547,796.93,779.46,763.89,773.73,778.50,-40.53,-805.18,626.95,0.26,3.41,1.93,-160.38
7585,797.53,779.38,763.87,773.70,778.62,-45.90,-822.75,620.61,0.30,0.15,0.20,-161.88
7621,797.15,779.26,763.89,773.60,778.47,-42.48,-819.34,640.62,1.24,-3.55,-0.06,-157.64
7657,796.96,779.08,763.79,773.39,778.31,-21.00,-799.80,618.65,-0.02,3.41,0.56,-155.14
7692,797.24,778.80,763.76,773.28,778.27,-34.18,-811.52,621.58,-0.36,-0.09,1.28,-153.04
7728,797.12,778.65,763.77,773.15,778.17,-33.20,-820.80,621.09,0.32,1.47,2.21,-149.07
7763,797.59,778.45,763.77,773.02,778.21,-28.32,-814.94,628.91,-1.82,1.20,-1.21,-147.32
7801,798.16,778.39,763.70,773.01,778.31,-34.18,-814.45,630.86,1.30,-0.03,1.67,-150.22
7837,798.84,778.16,763.72,772.87,778.40,-26.86,-811.04,624.51,-1.18,-0.44,0.89,-148.20
7873,799.31,777.81,763.64,772.73,778.37,-29.79,-807.13,626.95,-0.21,0.62,-1.37,-146.94
7908,800.41,777.50,763.65,772.71,778.57,-35.16,-807.13,619.14,-0.47,-0.26,1.68,-147.59
7944,801.20,777.06,763.56,772.57,778.60,-34.67,-793.46,636.72,-0.21,0.40,0.39,-147.03
7979,801.71,776.99,763.57,772.56,778.71,-26.37,-813.48,623.54,1.01,0.53,-0.11,-147.93
8017,801.33,776.69,763.56,772.53,778.53,-9.77,-811.04,646.48,-1.94,0.18,1.60,-144.01
8053,801.59,776.16,763.47,771.87,778.27,-28.81,-811.52,615.23,-0.64,-1.17,-1.42,-133.31
8088,803.68,775.22,763.29,770.85,778.26,-30.27,-800.29,632.81,-0.56,-0.92,3.00,-122.26
8124,807.06,774.64,763.11,769.47,778.57,-27.34,-798.83,633.79,-6.09,3.89,1.10,-113.23
8159,810.96,774.04,762.73,766.69,778.60,-11.23,-823.24,658.69,-13.36,7.34,-1.66,-90.48
8195,811.55,772.99,762.45,765.05,778.01,-93.75,-876.46,548.83,-23.73,5.08,-2.16,-66.96
8233,809.75,771.61,762.19,764.21,776.94,-49.32,-836.43,562.50,-28.87,2.45,0.03,-43.75
8269,805.51,770.57,762.17,763.89,775.53,-39.06,-856.93,586.43,1.04,-6.11,2.22,-16.69
8304,805.81,769.54,762.14,763.52,775.25,-40.53,-823.24,594.24,-1.11,-0.92,1.40,-4.71
8340,801.06,768.96,762.06,763.54,773.91,-79.10,-837.89,558.11,-2.69,1.49,-0.74,14.08
8375,804.14,769.36,762.12,763.70,774.83,-45.90,-833.98,591.31,14.60,-2.21,-0.29,-0.69
8411,800.92,769.06,762.15,763.77,773.98,-29.30,-841.80,585.45,-7.68,3.13,-1.89,12.45
8449,804.89,769.88,762.21,764.60,775.40,-11.23,-844.24,633.79,29.89,-11.19,-0.58,-18.53
8485,803.79,769.59,762.20,764.72,775.07,-24.41,-797.36,636.23,-4.98,-3.20,2.55,-14.46
8520,807.19,770.75,762.34,765.69,776.49,-22.95,-863.77,575.20,15.95,-1.92,-4.05,-46.31
8556,810.43,771.36,762.41,765.60,777.45,2.44,-838.38,630.86,2.92,-1.05,-1.87,-59.11
8592,807.40,771.37,762.40,765.60,776.69,-25.39,-834.96,595.21,-5.92,3.58,-0.20,-49.07
8627,810.04,772.74,762.50,766.36,777.91,-32.71,-811.52,629.39,3.08,1.97,-5.60,-77.67
8666,809.81,772.89,762.58,767.54,778.21,-34.67,-807.62,625.49,2.04,-0.95,1.02,-93.57
8701,811.91,774.09,762.95,769.56,779.63,-61.52,-805.18,639.16,8.03,-3.83,-3.04,-130.87
8737,810.21,774.53,763.06,770.57,779.59,-26.37,-824.71,620.12,-9.84,-1.56,-2.31,-140.57
8772,808.64,774.87,763.10,771.49,779.53,-45.41,-856.93,603.52,14.98,-3.65,-2.25,-150.65
8808,808.31,775.85,763.29,772.26,779.93,-35.64,-820.80,615.72,-1.19,-0.84,-1.68,-163.92
8843,804.89,777.03,763.42,773.02,779.59,-27.83,-794.43,652.83,-7.72,5.83,-4.08,-169.66
8881,804.91,778.08,763.53,773.58,780.02,-38.09,-824.22,602.05,-1.19,-1.35,-5.44,-183.68
8916,804.01,778.69,763.64,774.34,780.17,-27.34,-815.92,620.61,-4.02,-3.05,-0.32,-193.72
8952,801.98,779.42,763.83,775.05,780.07,-32.71,-820.31,623.05,1.86,-1.95,-3.76,-198.39
8987,801.60,779.68,763.90,775.41,780.15,-14.16,-822.75,610.35,1.73,-1.44,-1.47,-202.66
9022,801.15,779.70,763.82,775.15,779.96,-19.53,-802.73,624.51,-1.48,3.85,3.27,-199.65
9060,801.75,779.72,763.83,774.91,780.05,-31.74,-809.08,618.65,-2.90,2.37,-2.25,-197.97
9095,801.58,779.49,763.81,774.80,779.92,-16.60,-809.08,625.49,0.80,1.66,-0.19,-194.49
9130,803.03,779.74,763.74,774.80,780.33,-36.13,-810.55,595.70,-0.83,0.90,0.47,-203.24
9165,802.80,779.79,763.75,774.83,780.29,-27.34,-805.66,655.27,-1.57,1.05,0.92,-202.81
9200,803.12,779.57,763.63,774.79,780.28,-35.64,-804.69,622.07,3.65,-2.85,-0.02,-204.69
9236,803.76,779.25,763.57,774.42,780.25,-15.14,-820.31,617.19,2.06,-0.49,0.11,-200.42
9273,804.18,778.68,763.63,774.25,780.18,-28.81,-816.41,623.05,1.94,-2.05,1.30,-193.35
9309,804.03,778.32,763.66,774.16,780.04,-41.02,-810.06,616.21,-0.18,-1.05,1.38,-187.80
9344,804.36,777.79,763.52,773.82,779.87,-34.67,-803.22,628.42,0.63,-1.29,1.40,-183.10
9379,804.90,777.43,763.58,773.62,779.88,-11.23,-817.38,612.30,0.34,-1.24,-0.23,-177.73
9415,805.01,777.29,763.47,773.19,779.74,-16.11,-799.80,640.62,-0.18,-0.06,0.98,-173.20
9450,805.29,776.98,763.37,772.68,779.58,-25.88,-811.52,603.52,0.02,5.02,-1.86,-166.68
9488,806.16,776.16,763.35,772.32,779.50,-41.02,-840.82,606.93,0.39,-3.95,2.47,-158.39
9524,806.41,775.48,763.28,771.47,779.16,-30.27,-794.92,635.74,-2.40,1.69,-1.81,-143.03
9560,807.10,775.02,763.21,770.60,778.98,-32.71,-819.34,609.37,-5.92,6.01,-1.74,-130.54
9595,806.35,774.93,763.08,769.91,778.57,-36.62,-813.96,613.77,-5.13,1.24,-1.56,-120.53
9630,804.82,774.57,763.01,768.93,777.83,-31.74,-804.69,639.65,-5.88,8.45,-0.60,-99.84
9666,803.21,774.25,762.94,768.55,777.24,-37.60,-822.27,616.21,-6.50,6.27,-1.44,-87.72
9704,801.19,774.17,762.90,768.44,776.67,-17.09,-826.17,635.25,-0.79,-0.69,0.11,-79.65
9739,800.98,773.51,762.89,768.36,776.44,-39.06,-809.08,614.26,2.81,-0.21,-0.40,-72.49
9775,799.62,773.51,762.93,768.27,776.08,-44.92,-794.43,648.44,-3.00,0.31,-0.85,-65.73
9810,796.20,773.78,762.92,768.57,775.37,-39.55,-875.00,591.31,10.98,-7.50,-0.11,-60.51
9845,795.51,773.33,762.85,768.90,775.15,-29.30,-825.20,598.63,-4.39,-1.34,2.12,-61.29
9881,797.11,773.69,763.00,769.68,775.87,-34.67,-827.64,636.72,8.75,-2.73,-1.60,-77.53
9919,801.25,774.72,763.10,769.99,777.26,-43.46,-837.89,625.98,5.85,1.57,-0.22,-101.90
9954,804.83,775.08,763.15,769.81,778.22,-34.18,-819.82,623.54,-0.13,0.02,-0.24,-113.30
9989,804.92,775.36,763.13,769.78,778.30,-31.25,-813.48,630.37,-1.02,-0.70,-1.69,-115.83
10025,804.98,775.25,763.15,769.81,778.30,-71.78,-846.19,528.32,2.26,-1.39,-1.12,-115.05
10061,801.88,775.03,763.15,770.68,777.69,-27.83,-787.11,641.60,-1.38,-5.02,2.77,-115.64
10096,800.24,775.15,763.28,771.35,777.50,-19.53,-827.64,612.79,4.03,-6.11,-0.80,-117.51
10134,800.07,775.28,763.35,771.42,777.53,-16.60,-811.04,641.11,-2.56,0.50,-2.51,-117.12
10169,799.87,775.07,763.31,771.47,777.43,-35.16,-824.71,617.68,1.66,0.89,-0.05,-116.56
10205,799.72,775.36,763.37,771.67,777.53,-30.27,-781.25,649.41,-1.35,2.08,-1.31,-119.77
10240,798.99,775.68,763.42,771.63,777.43,-24.41,-811.52,616.70,1.45,3.34,-3.08,-118.00
10275,799.64,775.69,763.36,771.38,777.52,-33.69,-806.64,620.12,-1.37,1.89,-1.50,-118.21
10314,800.92,775.99,763.48,771.49,777.97,-46.39,-807.13,610.35,1.01,0.11,-2.28,-123.72
10349,802.08,775.89,763.34,771.24,778.14,-28.32,-823.24,630.86,0.89,-1.12,0.69,-126.56
10385,802.02,775.78,763.31,771.42,778.13,-45.41,-842.77,626.95,0.96,0.01,1.71,-128.97
10420,801.05,775.83,763.35,771.62,777.96,-19.04,-818.36,625.00,-0.03,-2.28,0.80,-127.75
10456,801.25,775.73,763.41,771.21,777.90,-21.97,-797.36,633.79,0.26,2.37,-0.34,-120.34
10492,802.23,775.50,763.34,771.01,778.02,-42.97,-815.92,614.75,0.14,1.73,0.50,-120.65
10530,802.08,775.42,763.30,770.86,777.91,-32.23,-795.41,621.58,0.73,-0.01,-1.08,-118.10
10565,801.92,775.23,763.25,770.54,777.73,-28.81,-822.27,629.39,-1.03,2.53,0.39,-112.67
10600,802.08,775.13,763.25,770.30,777.69,-27.34,-816.41,629.88,-0.83,3.03,1.95,-108.90
10636,802.26,774.93,763.33,770.19,777.68,-40.53,-812.99,615.72,-0.74,0.34,-0.23,-104.26
10671,802.03,774.81,763.23,770.27,777.58,-36.62,-812.01,630.86,-0.75,-0.09,-0.06,-106.14
10706,801.51,774.81,763.16,770.26,777.43,-24.90,-808.59,617.68,-1.79,2.27,-0.88,-106.10
10744,801.20,774.68,763.14,770.26,777.32,-37.60,-824.22,622.56,-0.02,-0.11,-0.58,-104.33
10780,801.23,774.81,763.21,770.39,777.41,-32.23,-813.48,631.35,0.08,0.34,-1.65,-105.76
10815,800.92,774.84,763.29,770.61,777.42,-32.71,-804.20,621.09,2.50,1.95,-2.27,-106.16
10850,801.17,774.82,763.23,770.63,777.46,-40.04,-814.45,616.70,0.82,-0.69,-2.53,-108.68
10885,800.92,775.01,763.19,770.87,777.50,-38.57,-813.48,625.98,0.27,0.81,0.12,-113.94
10921,800.82,775.08,763.26,771.02,777.54,-23.93,-801.76,632.81,0.82,-2.92,2.27,-114.49
10958,801.30,775.04,763.23,770.94,777.63,-20.02,-808.11,617.19,0.74,3.08,0.18,-115.48
10994,801.36,775.15,763.25,771.03,777.70,-42.48,-831.05,630.37,-1.39,-2.12,-0.20,-117.22
11030,800.69,775.33,763.30,771.12,777.61,-19.53,-802.73,624.51,0.58,3.64,0.15,-116.58
11065,800.07,775.11,763.24,771.06,777.37,-22.46,-803.22,640.62,1.79,-1.64,-1.21,-113.24
11100,799.50,775.17,763.34,771.18,777.30,-25.39,-812.01,612.79,0.06,2.64,-0.24,-111.09
11136,799.29,775.16,763.28,771.05,777.19,-29.79,-829.59,621.09,-0.63,-1.33,-0.39,-109.97
11174,799.64,775.07,763.25,770.91,777.22,-33.69,-815.43,633.79,0.21,-0.64,-1.24,-108.99
11210,799.42,775.01,763.25,770.77,777.11,-32.71,-826.17,626.46,0.54,-0.44,-0.28,-105.78
11245,799.74,774.93,763.25,770.62,777.14,-24.41,-803.71,636.23,-1.63,-0.05,-0.05,-103.97
11281,800.16,774.87,763.24,770.83,777.27,-42.97,-805.18,616.21,-2.11,2.02,-1.71,-108.31
11316,800.69,775.02,763.33,771.12,777.54,-22.95,-813.96,614.26,0.52,-2.87,0.48,-113.44
11354,800.79,775.19,763.30,771.59,777.72,-31.74,-796.87,633.30,-1.02,-1.95,-0.19,-122.72
11390,800.25,775.19,763.38,771.62,777.61,-20.02,-808.59,629.88,3.63,-0.97,1.79,-119.26
11426,799.84,775.02,763.33,771.93,777.53,-57.62,-814.94,592.29,-1.03,-1.27,-3.23,-122.43
11462,799.06,775.07,763.28,772.02,777.36,-28.81,-804.20,651.37,0.75,-3.10,0.39,-122.48
11497,799.61,774.90,763.31,771.20,777.25,-23.93,-818.85,634.28,1.15,0.31,-0.77,-110.29
11533,800.84,774.65,763.16,769.87,777.13,-13.18,-801.27,650.39,1.35,4.32,-0.90,-96.82
11571,802.95,773.80,762.86,767.82,776.86,-28.32,-799.80,628.91,-8.09,5.89,-0.68,-74.35
11606,802.92,773.85,762.73,766.54,776.51,-16.60,-792.48,637.21,-7.36,5.11,-0.75,-59.05
11642,804.35,773.31,762.55,765.23,776.36,-38.09,-798.83,640.14,-10.11,6.27,1.60,-45.05
11677,804.08,772.34,762.32,764.63,775.84,-64.45,-833.01,582.03,-18.22,3.60,-1.85,-33.25
11713,804.09,772.91,762.39,764.83,776.05,-72.75,-852.54,526.86,-4.60,-3.08,-1.80,-38.87
11748,802.62,773.56,762.50,765.24,775.98,-43.46,-844.73,589.36,-5.22,-2.06,-0.24,-42.34
11787,806.15,774.24,762.50,765.12,777.01,-11.23,-792.48,642.09,3.92,3.61,-2.82,-58.21
11822,804.77,773.61,762.43,764.51,776.33,-20.51,-788.57,641.11,-25.38,11.51,0.91,-41.17
11858,806.06,774.06,762.31,764.40,776.71,-27.83,-844.73,603.52,1.18,3.81,-2.21,-50.63
11893,809.09,773.85,762.33,764.40,777.42,-32.71,-838.87,613.77,9.28,-4.57,0.02,-58.73
11929,808.11,773.02,762.29,764.41,776.96,-51.76,-863.77,570.80,-2.39,-1.56,0.48,-49.94
11964,809.74,773.27,762.30,764.87,777.54,-22.95,-824.71,620.12,7.12,-3.40,2.05,-64.04
12003,811.33,773.88,762.42,764.91,778.14,-26.86,-822.75,603.03,-2.98,2.21,-3.20,-71.98
12038,818.03,775.01,762.48,765.17,780.17,-50.29,-824.22,576.66,5.11,1.01,-1.89,-106.44
12074,819.16,774.48,762.48,765.25,780.34,-21.97,-829.59,595.70,-0.16,-4.44,1.92,-107.25
12109,818.98,774.25,762.50,765.74,780.37,-58.11,-843.26,616.70,8.97,-1.20,0.73,-111.39
12145,821.66,775.83,762.59,766.24,781.58,-21.97,-795.90,646.48,11.42,-3.89,-5.02,-138.39
12180,820.23,775.83,762.63,766.05,781.18,1.46,-849.12,576.66,-5.67,2.11,0.60,-129.74
12218,820.38,775.52,762.53,766.00,781.11,-42.48,-815.43,613.28,3.50,2.00,0.27,-129.57
12253,820.24,775.14,762.57,766.03,781.00,-38.57,-807.13,610.35,3.62,-2.31,0.44,-125.39
12289,820.82,774.44,762.45,766.13,780.96,-50.78,-821.29,592.77,3.78,1.39,5.18,-126.25
12324,820.56,774.28,762.46,766.07,780.84,-29.79,-829.59,638.67,-1.45,-1.11,-1.58,-122.77
12359,821.67,773.90,762.41,765.56,780.88,-38.09,-835.45,615.72,0.08,0.52,1.66,-117.43
12398,821.87,773.37,762.36,765.72,780.83,-57.62,-851.56,578.61,4.84,-0.63,-0.07,-117.50
12433,820.84,773.27,762.40,765.76,780.57,-8.79,-781.74,639.65,7.93,-4.98,1.79,-112.68
12469,821.15,772.92,762.37,765.37,780.45,-33.69,-854.98,601.07,-6.03,0.85,0.01,-106.01
12504,821.92,772.80,762.30,765.29,780.58,-47.85,-841.31,588.87,-2.21,0.40,-1.02,-108.24
12539,822.20,772.54,762.30,764.78,780.45,-63.48,-802.73,642.58,-2.08,6.60,-1.13,-99.59
12575,823.43,772.27,762.22,764.20,780.53,-16.60,-834.47,589.84,-7.11,4.96,-1.92,-95.14
12613,824.27,772.28,762.17,764.53,780.81,-23.44,-837.89,572.75,-2.53,-0.54,-0.19,-104.26
12648,824.76,771.81,762.08,764.59,780.81,19.53,-911.13,589.36,-10.25,0.79,3.26,-105.28
12684,827.39,772.02,762.10,765.01,781.63,-45.41,-839.84,597.66,2.41,2.14,-0.08,-121.56
12719,828.63,772.13,762.28,765.08,782.03,-35.64,-815.43,615.72,-3.27,1.87,-1.53,-123.24
12755,829.42,771.93,762.23,765.03,782.15,-91.31,-878.42,520.02,-2.31,-0.25,2.15,-124.94
12790,830.04,771.51,762.17,765.15,782.22,-31.25,-813.48,634.77,1.06,-4.32,2.00,-126.79
12828,829.95,771.07,762.18,765.12,782.08,-55.66,-850.10,570.31,2.02,-4.90,3.37,-122.43
12863,829.89,770.89,762.12,765.10,782.00,-43.46,-819.82,597.17,2.56,-3.09,0.29,-122.03
12899,829.52,770.91,762.14,765.04,781.90,-27.83,-826.17,585.94,-0.84,-2.35,1.79,-119.46
12934,829.42,770.73,762.11,764.78,781.76,-26.37,-827.15,599.12,2.27,-2.51,0.01,-114.45
12970,829.89,770.25,762.17,764.16,781.62,-33.69,-813.48,608.89,-2.89,2.21,-0.07,-101.65
13005,830.40,769.59,762.14,763.82,781.49,-49.32,-840.33,584.47,-3.38,0.21,-0.06,-93.76
13043,830.64,769.57,762.11,763.80,781.53,-43.95,-819.34,577.15,2.52,-1.46,-0.90,-95.08
13078,831.97,769.33,762.06,763.41,781.69,-51.27,-845.21,570.31,-6.64,0.89,1.69,-93.14
13114,832.54,769.05,762.12,763.27,781.75,-42.48,-842.29,602.54,-2.73,1.34,1.81,-89.34
13149,832.40,769.13,762.13,763.23,781.72,-16.11,-824.22,610.35,2.79,-2.37,0.56,-88.75
13185,832.51,769.21,762.15,763.33,781.80,-51.76,-837.89,606.45,2.94,-1.79,-1.66,-90.64
13220,830.54,769.62,762.35,763.65,781.54,-49.80,-835.45,545.90,8.52,-0.60,-3.85,-86.99
13257,829.35,769.28,762.17,763.18,781.00,-16.60,-826.66,617.19,-10.66,4.02,-0.46,-77.56
13293,828.43,769.06,762.20,763.28,780.74,-52.73,-840.82,589.84,-7.10,4.50,-2.38,-73.46
13329,826.21,769.69,762.28,763.15,780.33,-9.77,-852.54,583.50,4.79,-4.21,-3.34,-66.97
13364,826.25,769.23,762.04,762.72,780.06,-35.64,-839.84,581.54,-19.36,7.44,0.12,-62.89
13400,826.31,769.18,762.13,762.91,780.13,-59.08,-841.80,584.47,-7.11,1.00,1.91,-63.56
13435,826.31,769.22,762.15,762.73,780.10,11.23,-818.85,589.36,5.07,-8.31,1.16,-60.54
13473,826.28,768.69,762.05,762.66,779.92,-23.93,-832.03,625.49,-11.10,-2.90,1.19,-57.58
13508,825.45,769.39,762.24,763.00,780.02,-46.39,-852.05,599.12,14.82,-1.62,-1.79,-60.87
13544,820.92,769.51,762.19,763.01,778.91,-60.06,-846.19,492.19,-10.82,3.16,0.80,-47.55
13580,817.91,769.09,762.14,763.25,778.10,-16.11,-837.40,600.59,1.77,-0.21,-1.00,-38.63
13615,815.93,769.86,762.27,764.37,778.11,-43.95,-853.03,609.86,19.25,-1.60,-2.05,-51.31
13653,813.91,770.89,762.45,765.80,778.26,-28.32,-804.20,628.42,17.15,-2.52,-0.01,-69.04
13688,812.74,771.61,762.57,766.85,778.44,-18.07,-827.15,630.37,8.90,-4.01,-1.04,-83.29
13724,811.54,772.58,762.67,768.03,778.71,-27.34,-846.19,595.70,4.44,0.42,-2.73,-101.89
13759,809.22,773.71,762.92,768.93,778.69,-40.04,-827.15,599.12,1.59,-0.28,-3.07,-110.03
13795,807.34,774.34,762.95,769.43,778.51,-40.53,-821.29,597.66,-0.41,-2.42,-2.34,-115.17
13830,805.51,774.65,762.96,769.37,778.12,-46.88,-820.80,630.86,-2.32,0.70,-0.33,-110.25
13867,804.09,774.88,762.92,769.17,777.77,-21.97,-812.99,605.47,-1.56,3.89,1.42,-105.45
13903,803.66,775.06,762.84,768.82,777.59,-24.90,-811.52,624.51,-2.04,1.06,-1.85,-102.13
13938,804.52,775.31,762.89,768.59,777.83,-42.97,-814.45,597.66,-1.39,3.61,-2.40,-102.64
13973,806.37,775.65,762.89,768.73,778.41,-52.73,-820.80,613.77,2.81,0.47,-0.95,-113.63
14009,808.17,775.69,762.88,768.69,778.86,-41.02,-822.75,599.12,3.71,1.66,-2.05,-119.68
14044,809.97,775.58,762.82,769.01,779.34,-38.57,-813.96,625.49,3.34,0.91,-1.40,-131.37
14082,809.35,775.96,762.97,769.60,779.47,-48.34,-822.27,592.29,2.24,-1.58,1.94,-137.06
14117,808.51,776.28,762.96,769.71,779.36,-32.23,-803.22,621.09,1.25,-1.73,-3.69,-138.64
14152,808.31,775.95,762.94,769.30,779.12,-37.11,-820.80,618.16,1.60,-3.37,-1.20,-129.83
14187,808.12,775.35,762.82,769.06,778.84,-35.64,-806.64,632.81,1.62,-0.11,2.54,-123.83
14222,808.36,774.62,762.79,768.60,778.59,-43.46,-825.68,601.56,-0.91,0.51,-1.90,-112.85
14258,810.18,773.83,762.66,767.76,778.61,-39.55,-816.89,606.93,-1.27,2.25,0.62,-103.53
14296,811.49,773.21,762.67,767.57,778.74,-45.90,-828.12,609.37,-1.76,-0.10,0.68,-100.13
14332,810.37,773.16,762.63,767.65,778.45,-33.20,-825.20,621.58,2.79,-1.21,0.44,-97.96
14367,809.84,773.12,762.62,767.64,778.30,-47.85,-811.52,604.98,-0.22,1.71,0.52,-95.98
14403,809.72,773.09,762.69,767.72,778.30,-34.67,-817.87,616.21,-2.70,1.39,-2.69,-94.65
14438,809.74,773.20,762.67,767.67,778.32,-37.11,-805.18,622.56,1.20,0.64,-4.01,-95.37
14474,809.99,773.18,762.63,767.56,778.34,-53.71,-817.87,607.91,-0.99,-1.18,0.30,-95.68
14512,810.15,773.30,762.66,767.62,778.43,-41.02,-835.45,600.10,-1.82,1.41,-1.60,-97.23
14547,809.36,773.53,762.69,767.82,778.35,-34.18,-806.15,601.56,-1.81,-1.82,-0.79,-98.50
14582,808.98,773.52,762.74,767.80,778.26,-29.79,-818.36,626.95,-0.56,0.62,0.08,-95.55
14618,809.16,773.61,762.68,767.76,778.30,-46.88,-840.82,604.98,1.48,-1.12,0.26,-97.73
14653,809.60,773.56,762.73,767.86,778.44,-37.60,-814.45,620.12,0.21,1.80,-1.52,-99.09
14691,810.17,773.67,762.79,767.94,778.64,-19.04,-826.66,615.72,-1.11,0.74,-1.95,-101.83
14727,810.08,773.93,762.82,768.23,778.76,-29.79,-829.10,613.77,0.40,-0.96,-1.19,-107.09
14762,811.19,774.06,762.74,768.48,779.12,-38.57,-813.48,623.54,-1.29,1.01,-1.18,-117.51
14798,811.82,774.02,762.75,768.23,779.20,-45.41,-813.48,614.26,-2.28,2.82,0.21,-115.36
14833,810.20,773.87,762.80,768.05,778.73,-27.83,-813.96,603.03,-2.14,-0.79,-1.42,-104.66
14869,808.96,773.74,762.74,767.93,778.34,-47.36,-825.68,606.45,-1.89,-1.25,-1.00,-99.16
14907,809.68,773.64,762.74,767.92,778.49,-33.20,-826.66,616.70,1.27,2.20,-1.85,-100.80
14943,810.65,773.73,762.77,767.77,778.73,-40.04,-834.47,614.75,0.97,0.35,0.15,-101.83
14978,811.35,773.68,762.67,767.71,778.85,-36.62,-832.03,602.05,-0.94,-1.00,-0.72,-105.46
15014,810.58,773.61,762.68,767.66,778.63,-48.83,-811.04,617.19,-2.68,1.59,-1.16,-101.11
15049,809.75,773.46,762.70,767.52,778.36,-37.11,-812.99,606.45,0.91,1.78,-1.17,-94.73
15085,809.66,773.46,762.70,767.45,778.32,-36.62,-809.08,612.30,-0.59,0.83,-0.15,-93.31
15123,810.12,773.44,762.81,767.50,778.47,-44.92,-827.15,614.75,-1.69,-0.44,0.01,-92.80
15158,811.00,773.54,762.68,767.61,778.71,-25.88,-801.27,620.61,2.50,2.08,-2.16,-101.39
15194,810.84,773.68,762.66,767.72,778.72,-41.50,-818.36,608.40,-0.48,2.50,-1.95,-104.13
15230,809.81,773.79,762.77,767.78,778.54,-40.53,-828.12,596.19,-0.67,0.22,-1.18,-99.59
15265,808.97,773.93,762.75,767.99,778.41,-25.88,-822.75,606.93,-1.14,-1.88,1.20,-101.42
15301,808.07,774.06,762.74,768.20,778.27,-30.27,-835.94,616.70,2.54,1.79,0.40,-102.76
15344,808.43,774.27,762.84,768.39,778.48,-35.64,-818.85,620.12,1.11,2.46,-1.81,-105.76
15379,808.54,774.41,762.83,768.71,778.62,-49.32,-821.78,613.77,1.78,-2.68,0.05,-112.28
15415,807.75,774.53,762.88,768.91,778.52,-39.06,-808.11,604.98,0.11,-0.16,-0.81,-112.34
15450,807.02,774.58,762.92,769.15,778.42,-30.76,-823.73,611.33,1.65,-0.79,2.08,-112.74
15486,807.27,774.86,762.86,769.21,778.55,-30.27,-829.10,614.75,0.62,-0.32,0.00,-118.09
15521,806.99,775.03,762.90,769.36,778.57,-36.13,-813.96,620.12,0.12,-2.39,-1.43,-119.91
15561,807.07,775.13,762.94,769.50,778.66,-45.90,-830.08,612.30,0.94,-0.02,-0.26,-122.10
15597,807.24,775.27,762.94,769.48,778.73,-36.13,-826.17,632.32,-0.47,-1.63,-0.07,-123.46
15633,805.94,775.28,763.02,769.57,778.45,-27.34,-815.92,610.35,-1.66,0.62,-0.26,-118.34
15669,805.16,775.46,763.04,769.93,778.40,-36.62,-813.96,602.05,-0.11,1.90,0.16,-121.81
15705,804.72,775.72,763.08,770.29,778.45,-40.04,-803.22,607.42,0.23,-1.56,-0.27,-126.86
15743,805.56,775.97,763.18,770.64,778.84,-33.69,-801.27,616.70,1.90,0.40,0.38,-134.41
15779,805.16,776.03,763.12,770.66,778.74,-47.36,-824.71,601.56,-1.60,-0.93,-3.69,-135.19
15815,803.87,776.03,763.14,770.70,778.44,-32.71,-819.34,631.84,-1.69,0.27,-2.00,-130.83
15851,803.66,776.05,763.18,771.01,778.47,-38.09,-816.89,626.95,1.09,0.47,0.56,-133.80
15887,802.40,775.90,763.16,771.06,778.13,-29.79,-814.94,620.12,-2.00,-1.63,-1.21,-129.53
15923,801.81,775.75,763.18,770.91,777.91,-39.06,-807.13,615.72,-1.40,0.36,-0.08,-123.59
15961,802.09,775.53,763.14,770.78,777.88,-42.48,-830.57,607.91,-0.60,-0.89,-1.27,-121.88
15997,801.73,775.55,763.17,770.65,777.78,-27.34,-812.50,619.14,-4.65,0.80,-2.01,-118.24
16033,802.19,775.49,763.05,770.45,777.80,-17.58,-819.82,624.02,0.60,-0.37,-0.82,-119.24
16069,802.74,775.36,763.12,770.11,777.83,-31.74,-807.62,630.37,-3.75,0.88,-0.42,-113.60
16105,803.76,775.26,763.01,769.76,777.95,-43.95,-821.29,611.82,-0.23,1.37,-1.29,-113.63
16142,804.37,775.04,763.01,769.42,777.96,-33.20,-820.80,607.91,0.45,5.02,-0.45,-109.15
16181,805.87,774.92,763.00,769.35,778.28,-31.74,-820.31,607.91,-0.39,0.73,-1.50,-112.28
16217,806.71,774.92,762.98,769.06,778.42,-41.02,-813.96,610.35,-1.89,-1.27,0.11,-111.56
16253,806.59,774.96,762.92,769.06,778.38,-39.06,-819.82,610.35,-1.57,2.16,-0.35,-113.15
16289,807.05,774.97,763.01,769.04,778.51,-28.32,-814.94,599.12,-0.24,-0.05,-1.44,-112.07
16325,807.30,775.03,762.93,769.24,778.63,-37.60,-823.24,611.33,-0.17,-0.83,-0.74,-118.52
16361,807.23,775.16,762.97,769.16,778.63,-30.76,-812.99,619.63,-0.89,3.95,-2.89,-117.10
16400,807.04,775.19,762.95,769.22,778.60,-91.31,-799.32,603.52,0.08,0.06,1.14,-118.06
16436,806.72,775.27,763.02,769.30,778.58,-40.04,-837.40,602.54,2.05,-1.20,-0.19,-116.93
16472,806.12,775.44,763.00,769.58,778.53,-43.95,-829.10,601.07,-2.31,-0.93,-1.47,-120.93
16508,805.88,775.71,763.03,769.80,778.61,-35.64,-808.11,637.70,1.06,-1.05,0.06,-124.64
16544,805.73,775.82,763.08,770.02,778.66,-43.46,-816.89,604.98,0.06,-1.50,0.34,-127.08
16583,804.89,775.87,763.10,770.07,778.48,-43.95,-824.71,619.14,-1.27,0.41,-0.95,-124.95
16619,804.77,775.90,763.10,770.15,778.48,-34.18,-821.78,593.26,0.69,-1.53,-0.24,-125.79
16707,804.18,775.49,763.08,769.84,778.15,-41.99,-824.71,622.56,-1.41,0.58,-2.95,-116.47
16743,804.42,775.19,762.95,769.32,777.97,-33.20,-822.27,617.19,-1.15,3.66,-0.05,-110.46
16779,805.53,774.46,762.83,768.61,777.86,-52.25,-808.59,594.73,-4.56,-0.07,0.01,-100.94
16815,805.04,773.61,762.78,768.22,777.42,-35.64,-817.87,610.35,-4.47,-1.51,0.11,-87.92
16853,803.75,772.37,762.60,767.58,776.58,-39.06,-818.36,632.81,-3.67,0.10,-0.27,-68.56
16889,803.63,772.19,762.61,767.70,776.53,-26.37,-809.08,615.23,-1.97,0.65,-1.26,-68.12
16924,800.97,772.28,762.59,767.86,775.93,-36.62,-827.15,623.54,-5.85,2.79,-1.63,-62.73
16960,796.69,772.37,762.74,768.39,775.05,2.44,-827.64,620.61,5.56,-3.11,-0.17,-52.93
16996,796.04,773.32,762.92,769.78,775.51,-44.92,-821.29,620.12,0.11,-2.05,0.52,-74.06
17032,787.31,775.27,763.43,773.28,774.82,-48.83,-903.81,528.32,9.46,-15.24,-5.08,-98.77
17070,789.30,776.11,763.81,773.91,775.78,5.86,-738.77,735.84,10.62,-3.15,-0.33,-111.96
17106,786.67,775.27,763.79,774.55,775.07,-35.16,-801.76,637.70,-16.37,4.77,3.50,-106.18
17141,791.00,777.56,764.71,779.50,778.19,-36.62,-865.23,574.71,26.21,-6.72,-1.34,-189.34
17177,786.96,778.94,765.37,781.91,778.30,-6.84,-775.39,666.02,-6.84,-2.95,-6.00,-205.60
17213,778.93,779.72,765.98,783.96,777.14,58.11,-871.58,521.48,10.27,-11.16,-11.12,-199.29
17249,780.38,779.63,765.69,783.07,777.19,0.00,-768.07,663.09,13.40,-4.89,-1.72,-197.55
17286,782.01,780.13,765.08,779.26,776.62,-0.49,-753.91,677.25,-10.70,11.73,2.11,-166.30
17322,791.79,781.23,764.54,775.61,778.29,-125.49,-831.54,540.04,-0.47,12.81,0.24,-168.61
17358,795.26,780.60,763.96,771.99,777.95,-18.55,-772.46,684.08,-18.44,11.42,0.36,-136.47
17394,798.49,779.47,763.52,770.42,777.97,-33.69,-861.33,560.55,-2.64,2.89,1.27,-126.25
17429,801.83,777.65,763.31,770.36,778.29,-65.92,-855.96,599.61,4.14,-1.76,2.92,-127.74
17467,802.70,776.50,763.29,771.14,778.41,-37.60,-792.97,646.00,4.77,-0.94,0.40,-133.53
17503,803.09,777.00,763.35,771.54,778.75,-37.60,-817.87,630.86,-5.37,4.30,-2.63,-143.06
17538,803.00,777.20,763.35,771.65,778.80,-18.55,-841.31,599.61,5.97,0.56,-1.50,-146.10
17574,803.56,776.45,763.22,772.22,778.86,-60.06,-817.87,614.75,1.31,-4.06,-1.24,-153.65
17609,802.98,776.52,763.32,772.19,778.75,5.86,-790.04,710.94,8.11,-5.73,-1.13,-149.16
17645,803.57,776.31,763.25,771.81,778.74,-14.16,-830.08,614.26,1.89,2.48,1.19,-145.60
17683,803.72,775.67,763.11,771.38,778.47,-14.16,-825.68,633.30,2.11,-0.25,1.27,-138.27
17719,804.37,775.42,762.95,770.78,778.38,-10.25,-792.97,632.81,4.95,0.37,-2.68,-133.70
17755,805.17,774.98,763.00,770.54,778.42,-53.22,-859.86,587.40,1.15,-1.01,2.09,-127.93
17790,805.17,774.50,762.88,770.20,778.19,-26.37,-816.41,624.02,2.59,-5.31,3.49,-122.35
17826,806.26,774.29,762.86,769.78,778.30,-1.95,-798.83,643.07,0.38,2.40,-2.36,-118.60
17862,807.05,774.54,762.85,769.82,778.56,-22.46,-819.82,621.09,-0.18,0.04,-3.69,-124.20
17900,805.99,774.55,762.92,769.80,778.31,-34.18,-817.38,621.09,0.32,0.80,-2.81,-118.54
17936,805.40,774.45,762.90,769.92,778.17,-10.74,-808.59,625.00,4.40,0.23,-0.76,-118.02
17971,805.48,774.48,762.90,770.35,778.30,-18.55,-821.29,602.54,-0.36,-0.35,-0.08,-124.87
18007,805.36,774.21,762.87,770.62,778.27,-15.14,-806.15,623.54,5.53,-0.69,-0.19,-126.87
18043,806.49,774.32,762.90,771.12,778.71,-26.86,-814.45,616.70,1.90,-0.44,-1.90,-138.42
18079,807.38,774.45,762.94,771.21,778.99,-24.90,-791.02,634.77,0.81,0.53,-0.56,-142.83
18117,807.70,774.88,763.05,772.07,779.43,-40.04,-805.18,632.81,0.31,-2.19,0.23,-157.33
18153,806.90,775.42,763.10,772.68,779.52,-28.81,-812.01,623.05,-0.83,1.07,1.92,-166.50
18188,806.44,775.73,763.24,772.72,779.54,-24.90,-811.04,632.32,-3.75,1.24,-0.63,-164.49
18224,805.35,776.33,763.36,773.11,779.54,-21.00,-793.95,638.18,-3.53,1.31,0.13,-168.37
18260,803.18,777.35,763.53,774.16,779.55,-34.67,-821.78,612.79,-3.16,2.65,-1.13,-180.40
18296,800.71,778.61,763.80,775.08,779.55,-29.30,-817.38,610.35,-6.25,1.84,-2.57,-188.71
18334,797.97,779.88,764.01,775.70,779.39,-14.16,-797.85,631.84,-4.93,2.58,-4.78,-193.30
18369,796.70,780.76,764.07,776.04,779.39,-12.70,-797.85,625.00,-3.21,5.11,0.14,-199.57
18405,795.74,781.41,764.15,776.32,779.41,-15.14,-818.36,607.42,-0.82,2.50,-1.27,-203.69
18441,794.80,781.44,764.24,776.90,779.34,-46.88,-832.52,601.07,-1.42,-2.80,-0.51,-207.07
18477,794.33,781.26,764.25,777.04,779.22,-16.60,-817.38,645.02,1.83,-0.82,0.63,-205.75
18515,794.85,780.96,764.22,777.24,779.32,-19.53,-826.66,620.61,2.86,-2.82,1.83,-208.83
18551,793.90,781.12,764.26,777.34,779.15,-21.97,-813.48,632.81,-3.66,-1.83,-0.60,-207.30
18586,793.42,781.24,764.31,777.11,779.02,-18.07,-803.71,637.21,-2.70,2.40,0.88,-201.85
18623,793.26,781.14,764.26,777.02,778.92,-38.09,-807.13,633.79,-2.53,0.16,-0.47,-200.48
18659,791.32,781.12,764.20,776.60,778.31,-27.83,-815.43,610.84,-7.35,4.26,-1.85,-189.17
18695,788.91,780.91,764.18,776.16,777.54,-3.91,-831.05,628.91,-3.15,1.58,0.73,-173.16
18733,790.35,780.43,764.00,775.35,777.53,-32.71,-804.20,623.05,-1.27,2.89,-0.82,-166.71
18769,789.20,780.58,764.03,775.15,777.24,-24.90,-816.89,593.75,-6.63,0.85,-0.94,-160.42
18805,789.48,780.71,763.95,774.55,777.17,-20.51,-824.22,618.65,-7.48,4.15,-2.50,-155.58
18841,790.32,780.72,763.89,774.34,777.32,-20.02,-794.43,655.76,3.12,3.26,-0.63,-156.70
18876,790.06,780.85,764.01,774.75,777.42,-49.80,-850.59,561.52,-0.39,-0.13,0.61,-160.08
18912,791.12,781.06,763.94,774.99,777.78,-12.70,-789.55,662.60,4.39,3.49,1.75,-170.62
18950,793.50,781.83,764.01,775.45,778.70,-16.60,-791.50,619.63,3.43,2.34,-1.14,-190.04
18986,794.90,782.05,764.07,775.13,779.04,-37.11,-803.22,617.68,-0.92,1.14,0.53,-190.38
19021,794.25,782.06,764.11,774.77,778.80,-34.18,-802.73,626.46,-6.40,4.47,0.24,-181.96
19057,793.01,782.39,763.97,773.86,778.31,1.95,-805.66,625.49,-5.47,7.99,-3.36,-170.57
19093,794.67,783.40,763.89,773.94,778.98,-31.25,-825.68,616.70,-4.44,10.18,-0.69,-187.57
19128,795.24,784.53,764.25,775.55,779.89,-25.88,-834.47,601.56,3.24,-4.52,1.31,-213.02
19167,792.66,783.92,764.26,775.70,779.14,-6.84,-783.20,671.39,1.85,0.60,-1.73,-201.52
19202,789.51,783.54,764.32,776.14,778.38,-40.53,-827.15,603.03,3.92,-4.30,-2.57,-192.56
19238,785.52,782.98,764.31,775.75,777.14,-9.28,-818.85,623.05,-0.79,0.03,-2.24,-169.03
19274,785.08,782.69,764.21,775.58,776.89,-26.86,-816.89,624.02,-1.47,1.35,-0.37,-164.91
19309,785.28,782.94,764.29,775.65,777.04,-33.69,-812.99,623.54,1.60,-1.63,-2.66,-166.79
19345,784.93,782.86,764.24,775.24,776.82,-26.37,-813.96,615.23,-1.67,-0.02,-0.63,-160.11
19383,786.30,782.56,764.11,774.89,776.96,-38.57,-827.15,607.91,1.67,2.59,-0.34,-160.52
19419,787.06,782.56,764.18,774.73,777.13,-25.39,-805.18,621.58,-1.85,2.86,-1.11,-159.04
19455,786.85,782.35,764.10,774.43,776.94,-30.27,-807.62,630.86,2.17,-2.50,-0.34,-154.12
19491,787.40,781.97,764.07,774.35,776.95,-43.46,-833.98,586.43,-0.89,2.29,0.46,-152.65
19527,787.13,781.60,763.96,774.25,776.73,-19.53,-818.36,627.44,-0.68,-2.73,1.54,-149.98
19566,787.41,781.09,763.94,773.85,776.57,-28.81,-799.32,636.72,-0.58,-2.42,0.02,-141.52
19601,789.38,780.14,763.78,772.77,776.52,-30.27,-805.18,623.05,-2.25,3.34,0.33,-128.68
19638,790.49,779.09,763.55,772.05,776.29,-40.04,-827.64,585.94,-3.24,2.41,3.02,-119.22
19674,789.68,778.34,763.46,771.60,775.77,-31.74,-815.92,626.95,-2.40,3.18,-1.23,-105.95
19709,789.71,777.32,763.30,770.67,775.25,-26.86,-813.96,627.44,-2.93,0.99,0.27,-88.38
19745,787.69,776.48,763.23,770.66,774.52,-88.87,-849.61,554.20,-9.31,1.83,-0.66,-76.16
19783,783.70,776.41,763.33,770.89,773.58,57.13,-768.55,685.55,0.82,-2.33,-1.54,-62.82
19819,785.95,776.24,763.23,770.89,774.08,-26.37,-851.07,576.17,8.21,1.45,3.13,-71.57
19855,786.58,775.82,763.16,770.88,774.11,-17.58,-802.25,612.79,-0.29,1.21,-1.44,-72.13
19891,792.01,776.07,763.25,771.12,775.61,-89.36,-844.73,542.48,8.67,5.48,0.75,-93.86
19927,793.32,775.84,763.25,771.72,776.03,-35.16,-795.90,613.77,1.67,-2.67,0.91,-105.38
19963,794.63,776.09,763.33,771.94,776.50,-21.48,-797.85,631.84,0.38,-1.68,-0.85,-113.26
20001,799.76,776.16,763.26,772.05,777.81,-67.87,-851.56,597.66,5.06,-2.91,1.27,-134.65
20037,799.97,775.63,763.18,772.38,777.79,-48.83,-809.08,618.65,0.82,-0.17,1.89,-137.97
20073,801.80,775.13,763.27,772.40,778.15,-17.58,-775.88,659.67,4.84,-3.60,2.55,-138.33
20108,804.49,774.85,763.16,772.76,778.82,-64.94,-815.43,587.40,0.27,-2.44,0.85,-153.42
20144,805.38,775.23,763.35,773.56,779.38,-4.39,-802.25,646.97,0.76,-1.42,-1.19,-166.39
20180,805.44,775.31,763.33,774.10,779.55,-26.86,-808.59,636.23,0.51,-2.89,-0.11,-175.86
20218,807.87,774.96,763.26,773.59,779.92,-7.81,-790.53,613.28,2.09,0.60,-0.61,-175.62
20255,813.82,773.79,763.03,772.89,780.88,-33.20,-836.91,618.65,-4.29,0.45,2.88,-182.17
20290,814.80,773.52,763.12,773.71,781.29,-24.41,-782.71,671.39,1.61,-3.51,-2.58,-193.17
20326,816.31,773.90,763.21,774.00,781.86,-17.09,-794.92,636.72,11.56,-3.00,-0.11,-203.44
20362,815.90,773.85,763.17,773.27,781.55,-20.51,-795.41,651.86,-4.69,4.42,-3.51,-191.74
20398,816.67,773.95,763.09,772.06,781.44,-34.67,-797.36,614.75,-4.99,5.41,-1.76,-179.51
20437,818.02,773.81,762.96,770.30,781.27,-25.88,-791.02,646.97,-6.61,9.22,-2.60,-160.11
20472,819.41,773.49,762.73,768.27,780.98,-35.16,-796.87,617.19,-8.66,6.91,-4.31,-138.19
20509,819.94,773.45,762.66,767.64,780.92,-42.97,-835.45,609.86,-6.57,3.40,-0.13,-132.28
20545,819.31,773.81,762.68,767.59,780.85,-31.25,-812.01,629.39,-2.50,1.71,-0.94,-131.86
20581,818.88,774.07,762.80,767.61,780.84,-37.60,-821.29,605.47,-0.78,-0.58,-2.28,-129.74
20619,819.13,774.18,762.75,767.52,780.90,-41.99,-824.22,621.09,-3.15,1.92,-1.63,-131.29
20655,819.78,774.06,762.68,767.27,780.95,-23.93,-802.25,615.72,-0.33,0.88,-1.49,-130.74
20691,820.20,773.94,762.67,767.19,781.00,-43.46,-800.78,623.05,-2.87,0.73,0.24,-130.11
20727,820.33,773.82,762.64,767.19,780.99,-37.11,-816.89,589.84,-3.27,3.10,-1.17,-130.33
20762,820.15,773.95,762.75,767.46,781.08,-36.62,-836.43,645.51,0.51,0.16,-0.40,-131.95
20798,820.09,773.91,762.80,767.64,781.11,-38.09,-809.08,629.88,-1.92,-0.02,-0.81,-133.01
20836,820.21,773.69,762.73,767.56,781.04,-31.25,-817.87,620.12,0.66,-2.21,-0.95,-132.19
20872,820.02,773.30,762.64,767.50,780.87,-54.20,-816.89,619.63,3.52,-1.89,0.69,-129.66
20908,820.60,773.12,762.63,767.33,780.92,-57.13,-802.73,621.58,1.16,-1.77,-1.71,-128.00
20943,820.75,772.78,762.61,766.89,780.76,-45.90,-803.71,635.74,0.95,1.05,-1.44,-119.83
20979,821.22,772.58,762.53,766.90,780.81,-50.29,-814.45,620.61,0.77,-1.81,0.15,-122.09
21015,821.65,772.58,762.57,766.88,780.92,188.48,-922.85,626.46,-2.99,5.88,-0.25,-122.19
21053,821.57,772.20,762.49,766.38,780.66,-7.32,-877.44,557.13,-34.34,1.02,2.85,-113.64
21089,822.07,771.72,762.38,766.10,780.57,-26.86,-811.52,669.92,0.14,-1.80,2.69,-110.08
21125,822.48,771.46,762.40,766.08,780.60,-47.36,-823.73,616.21,0.11,-4.77,0.07,-108.50
21161,821.99,771.31,762.41,765.89,780.40,-64.94,-834.96,612.30,-3.32,-2.51,-0.47,-102.47
21196,821.78,770.75,762.30,765.48,780.08,-21.48,-856.93,618.16,1.76,-1.60,0.13,-94.01
21232,820.88,770.16,762.18,765.16,779.60,-35.64,-812.99,621.09,-4.64,-1.67,0.79,-84.61
21270,818.45,769.90,762.24,765.23,778.95,-41.50,-793.95,614.75,-5.07,1.26,1.80,-73.45
21306,817.06,769.79,762.23,765.24,778.58,-34.67,-797.85,605.96,0.28,1.71,-1.34,-68.49
21342,816.71,769.79,762.23,765.26,778.50,-35.16,-812.50,610.84,-1.00,-1.39,0.11,-67.50
21378,817.15,769.76,762.23,765.57,778.68,-38.09,-814.94,611.82,4.17,-2.15,-1.23,-73.31
21414,817.57,769.69,762.26,765.81,778.83,-44.43,-805.66,625.49,5.11,-3.07,1.15,-77.13
21450,817.37,769.63,762.23,765.80,778.76,-38.57,-793.95,619.63,0.69,-0.88,1.05,-76.25
21489,817.00,769.42,762.26,765.69,778.59,-44.43,-810.06,626.46,0.08,0.23,-0.57,-71.04
21525,816.67,769.48,762.17,765.70,778.50,-29.79,-822.27,617.19,-1.38,2.86,-0.27,-72.80
21561,816.48,769.47,762.21,765.61,778.44,-40.53,-796.87,618.65,-0.63,2.95,-0.52,-69.89
21597,816.36,769.55,762.26,765.64,778.45,-36.13,-826.66,636.23,0.06,1.38,-0.88,-69.25
21633,816.06,769.49,762.27,765.65,778.37,-43.46,-804.20,618.65,0.79,-0.90,-1.19,-67.71
21671,815.50,769.40,762.26,765.55,778.18,-27.83,-814.45,621.09,-0.25,0.19,0.88,-63.88
21707,815.14,769.51,762.31,765.76,778.18,-20.02,-802.73,639.65,0.42,3.87,-2.60,-65.30
